CREATE DATABASE  IF NOT EXISTS `crowdfunding_db` /*!40100 DEFAULT CHARACTER SET utf8mb4 COLLATE utf8mb4_0900_ai_ci */ /*!80016 DEFAULT ENCRYPTION='N' */;
USE `crowdfunding_db`;
-- MySQL dump 10.13  Distrib 8.0.38, for Win64 (x86_64)
--
-- Host: localhost    Database: crowdfunding_db
-- ------------------------------------------------------
-- Server version	8.0.39

/*!40101 SET @OLD_CHARACTER_SET_CLIENT=@@CHARACTER_SET_CLIENT */;
/*!40101 SET @OLD_CHARACTER_SET_RESULTS=@@CHARACTER_SET_RESULTS */;
/*!40101 SET @OLD_COLLATION_CONNECTION=@@COLLATION_CONNECTION */;
/*!50503 SET NAMES utf8 */;
/*!40103 SET @OLD_TIME_ZONE=@@TIME_ZONE */;
/*!40103 SET TIME_ZONE='+00:00' */;
/*!40014 SET @OLD_UNIQUE_CHECKS=@@UNIQUE_CHECKS, UNIQUE_CHECKS=0 */;
/*!40014 SET @OLD_FOREIGN_KEY_CHECKS=@@FOREIGN_KEY_CHECKS, FOREIGN_KEY_CHECKS=0 */;
/*!40101 SET @OLD_SQL_MODE=@@SQL_MODE, SQL_MODE='NO_AUTO_VALUE_ON_ZERO' */;
/*!40111 SET @OLD_SQL_NOTES=@@SQL_NOTES, SQL_NOTES=0 */;

--
-- Table structure for table `category`
--

DROP TABLE IF EXISTS `category`;
/*!40101 SET @saved_cs_client     = @@character_set_client */;
/*!50503 SET character_set_client = utf8mb4 */;
CREATE TABLE `category` (
  `CATEGORY_ID` int NOT NULL AUTO_INCREMENT,
  `NAME` varchar(200) NOT NULL,
  PRIMARY KEY (`CATEGORY_ID`)
) ENGINE=InnoDB AUTO_INCREMENT=11 DEFAULT CHARSET=utf8mb4 COLLATE=utf8mb4_0900_ai_ci;
/*!40101 SET character_set_client = @saved_cs_client */;

--
-- Dumping data for table `category`
--

LOCK TABLES `category` WRITE;
/*!40000 ALTER TABLE `category` DISABLE KEYS */;
INSERT INTO `category` VALUES (1,'Healthcare'),(2,'Education'),(3,'Environment'),(4,'Disaster Relief'),(5,'Entrepreneurship'),(6,'Technology'),(7,'Animal Protection'),(8,'Arts and Culture'),(9,'Sports'),(10,'Religion');
/*!40000 ALTER TABLE `category` ENABLE KEYS */;
UNLOCK TABLES;

--
-- Table structure for table `donation`
--

DROP TABLE IF EXISTS `donation`;
/*!40101 SET @saved_cs_client     = @@character_set_client */;
/*!50503 SET character_set_client = utf8mb4 */;
CREATE TABLE `donation` (
  `DONATION_ID` int NOT NULL AUTO_INCREMENT,
  `DATE` datetime NOT NULL,
  `AMOUNT` decimal(12,2) NOT NULL,
  `GIVER` varchar(200) NOT NULL,
  `FUNDRAISER_ID` int DEFAULT NULL,
  PRIMARY KEY (`DONATION_ID`),
  KEY `FUNDRAISER_ID` (`FUNDRAISER_ID`),
  CONSTRAINT `donation_ibfk_1` FOREIGN KEY (`FUNDRAISER_ID`) REFERENCES `fundraiser` (`FUNDRAISER_ID`)
) ENGINE=InnoDB AUTO_INCREMENT=31 DEFAULT CHARSET=utf8mb4 COLLATE=utf8mb4_0900_ai_ci;
/*!40101 SET character_set_client = @saved_cs_client */;

--
-- Dumping data for table `donation`
--

LOCK TABLES `donation` WRITE;
/*!40000 ALTER TABLE `donation` DISABLE KEYS */;
INSERT INTO `donation` VALUES (21,'2024-10-09 10:12:43',120.50,'Liam',1),(22,'2024-10-09 11:45:14',60.75,'Olivia',2),(23,'2024-10-09 12:35:11',210.00,'Noah',3),(24,'2024-10-09 13:49:52',85.30,'Emma',4),(25,'2024-10-09 14:37:29',175.25,'Ava',5),(26,'2024-10-09 15:07:12',265.80,'James',1),(27,'2024-10-09 16:28:35',190.40,'Sophia',2),(28,'2024-10-09 17:53:46',305.60,'Mason',3),(29,'2024-10-09 18:14:03',135.95,'Isabella',4),(30,'2024-10-09 19:19:51',425.70,'Lucas',5);
/*!40000 ALTER TABLE `donation` ENABLE KEYS */;
UNLOCK TABLES;

--
-- Table structure for table `fundraiser`
--

DROP TABLE IF EXISTS `fundraiser`;
/*!40101 SET @saved_cs_client     = @@character_set_client */;
/*!50503 SET character_set_client = utf8mb4 */;
CREATE TABLE `fundraiser` (
  `FUNDRAISER_ID` int NOT NULL AUTO_INCREMENT,
  `ORGANIZER` varchar(200) NOT NULL,
  `CAPTION` varchar(255) DEFAULT NULL,
  `TARGET_FUNDING` decimal(12,2) DEFAULT NULL,
  `CURRENT_FUNDING` decimal(12,2) DEFAULT NULL,
  `CITY` varchar(200) DEFAULT NULL,
  `ACTIVE` tinyint(1) DEFAULT NULL,
  `CATEGORY_ID` int DEFAULT NULL,
  PRIMARY KEY (`FUNDRAISER_ID`),
  KEY `CATEGORY_ID` (`CATEGORY_ID`),
  CONSTRAINT `fundraiser_ibfk_1` FOREIGN KEY (`CATEGORY_ID`) REFERENCES `category` (`CATEGORY_ID`)
) ENGINE=InnoDB AUTO_INCREMENT=11 DEFAULT CHARSET=utf8mb4 COLLATE=utf8mb4_0900_ai_ci;
/*!40101 SET character_set_client = @saved_cs_client */;

--
-- Dumping data for table `fundraiser`
--

LOCK TABLES `fundraiser` WRITE;
/*!40000 ALTER TABLE `fundraiser` DISABLE KEYS */;
INSERT INTO `fundraiser` VALUES (1,'John Doe','Raise funds for surgery costs',50000.00,25000.00,'New York',1,1),(2,'Jane Smith','Scholarship fund for underprivileged students',20000.00,15000.00,'Los Angeles',1,2),(3,'Alen Warriors','Protect the rainforest',100000.00,70000.00,'Amazon',0,3),(4,'Disaster Aid','Support earthquake victims',50000.00,30000.00,'Istanbul',1,4),(5,'Start Hub','Launch new tech startup',120000.00,100000.00,'San Francisco',1,5),(6,'Tech Innovators','Develop new AI technology',150000.00,120000.00,'Silicon Valley',1,6),(7,'Animal Guardian','Help stray dogs find homes',30000.00,25000.00,'Chicago',1,7),(8,'Art Galleries','Support local artists exhibition',20000.00,18000.00,'Austin',1,8),(9,'Youth Sports Club','Fund soccer league for kids',15000.00,10000.00,'Miami',1,9),(10,'Community Church','Restore historic church building',40000.00,30000.00,'Boston',1,10);
/*!40000 ALTER TABLE `fundraiser` ENABLE KEYS */;
UNLOCK TABLES;

--
-- Dumping routines for database 'crowdfunding_db'
--
/*!40103 SET TIME_ZONE=@OLD_TIME_ZONE */;

/*!40101 SET SQL_MODE=@OLD_SQL_MODE */;
/*!40014 SET FOREIGN_KEY_CHECKS=@OLD_FOREIGN_KEY_CHECKS */;
/*!40014 SET UNIQUE_CHECKS=@OLD_UNIQUE_CHECKS */;
/*!40101 SET CHARACTER_SET_CLIENT=@OLD_CHARACTER_SET_CLIENT */;
/*!40101 SET CHARACTER_SET_RESULTS=@OLD_CHARACTER_SET_RESULTS */;
/*!40101 SET COLLATION_CONNECTION=@OLD_COLLATION_CONNECTION */;
/*!40111 SET SQL_NOTES=@OLD_SQL_NOTES */;

-- Dump completed on 2024-10-10 15:19:09
